FirstName,LastName,Mobile,Email,Password
Test Five ,User Five ,9000000005,TestUser5@getnada.com,TestUser@5
Test Six ,User Six ,9000000006,TestUser6@getnada.com,TestUser@6
Test Seven ,User Seven ,9000000007,TestUser7@getnada.com,TestUser@7
Test Eight ,User Eight ,9000000008,TestUser8@getnada.com,TestUser@8
Test Nine ,User Nine ,9000000009,TestUser9@getnada.com,TestUser@9
Test Ten ,User Ten ,9000000010,TestUser10@getnada.com,TestUser@10
Test Eleven ,User Eleven ,9000000011,TestUser11@getnada.com,TestUser@11
Test Twelve ,User Twelve ,9000000012,TestUser12@getnada.com,TestUser@12
Test Thirteen ,User Thirteen ,9000000013,TestUser13@getnada.com,TestUser@13
Test Fourteen ,User Fourteen ,9000000014,TestUser14@getnada.com,TestUser@14
Test Fifteen ,User Fifteen ,9000000015,TestUser15@getnada.com,TestUser@15
Test Sixteen ,User Sixteen ,9000000016,TestUser16@getnada.com,TestUser@16
Test Seventeen ,User Seventeen ,9000000017,TestUser17@getnada.com,TestUser@17
Test Eighteen ,User Eighteen ,9000000018,TestUser18@getnada.com,TestUser@18
Test Nineteen ,User Nineteen ,9000000019,TestUser19@getnada.com,TestUser@19
Test Twenty ,User Twenty ,9000000020,TestUser20@getnada.com,TestUser@20
Test Twenty One ,User Twenty One ,9000000021,TestUser21@getnada.com,TestUser@21
Test Twenty Two ,User Twenty Two ,9000000022,TestUser22@getnada.com,TestUser@22
Test Twenty Three ,User Twenty Three ,9000000023,TestUser23@getnada.com,TestUser@23
Test Twenty Four ,User Twenty Four ,9000000024,TestUser24@getnada.com,TestUser@24
Test Twenty Five ,User Twenty Five ,9000000025,TestUser25@getnada.com,TestUser@25
Test Twenty Six ,User Twenty Six ,9000000026,TestUser26@getnada.com,TestUser@26
Test Twenty Seven ,User Twenty Seven ,9000000027,TestUser27@getnada.com,TestUser@27
Test Twenty Eight ,User Twenty Eight ,9000000028,TestUser28@getnada.com,TestUser@28
Test Twenty Nine ,User Twenty Nine ,9000000029,TestUser29@getnada.com,TestUser@29
Test Thirty ,User Thirty ,9000000030,TestUser30@getnada.com,TestUser@30
Test Thirty One ,User Thirty One ,9000000031,TestUser31@getnada.com,TestUser@31
Test Thirty Two ,User Thirty Two ,9000000032,TestUser32@getnada.com,TestUser@32
Test Thirty Three ,User Thirty Three ,9000000033,TestUser33@getnada.com,TestUser@33
Test Thirty Four ,User Thirty Four ,9000000034,TestUser34@getnada.com,TestUser@34
Test Thirty Five ,User Thirty Five ,9000000035,TestUser35@getnada.com,TestUser@35
Test Thirty Six ,User Thirty Six ,9000000036,TestUser36@getnada.com,TestUser@36
Test Thirty Seven ,User Thirty Seven ,9000000037,TestUser37@getnada.com,TestUser@37
Test Thirty Eight ,User Thirty Eight ,9000000038,TestUser38@getnada.com,TestUser@38
Test Thirty Nine ,User Thirty Nine ,9000000039,TestUser39@getnada.com,TestUser@39
Test Forty ,User Forty ,9000000040,TestUser40@getnada.com,TestUser@40
Test Forty One ,User Forty One ,9000000041,TestUser41@getnada.com,TestUser@41
Test Forty Two ,User Forty Two ,9000000042,TestUser42@getnada.com,TestUser@42
Test Forty Three ,User Forty Three ,9000000043,TestUser43@getnada.com,TestUser@43
Test Forty Four ,User Forty Four ,9000000044,TestUser44@getnada.com,TestUser@44
Test Forty Five ,User Forty Five ,9000000045,TestUser45@getnada.com,TestUser@45
Test Forty Six ,User Forty Six ,9000000046,TestUser46@getnada.com,TestUser@46
Test Forty Seven ,User Forty Seven ,9000000047,TestUser47@getnada.com,TestUser@47
Test Forty Eight ,User Forty Eight ,9000000048,TestUser48@getnada.com,TestUser@48
Test Forty Nine ,User Forty Nine ,9000000049,TestUser49@getnada.com,TestUser@49
Test Fifty ,User Fifty ,9000000050,TestUser50@getnada.com,TestUser@50
Test Fifty One ,User Fifty One ,9000000051,TestUser51@getnada.com,TestUser@51
Test Fifty Two ,User Fifty Two ,9000000052,TestUser52@getnada.com,TestUser@52
Test Fifty Three ,User Fifty Three ,9000000053,TestUser53@getnada.com,TestUser@53
Test Fifty Four ,User Fifty Four ,9000000054,TestUser54@getnada.com,TestUser@54
Test Fifty Five ,User Fifty Five ,9000000055,TestUser55@getnada.com,TestUser@55
Test Fifty Six ,User Fifty Six ,9000000056,TestUser56@getnada.com,TestUser@56
Test Fifty Seven ,User Fifty Seven ,9000000057,TestUser57@getnada.com,TestUser@57
Test Fifty Eight ,User Fifty Eight ,9000000058,TestUser58@getnada.com,TestUser@58
Test Fifty Nine ,User Fifty Nine ,9000000059,TestUser59@getnada.com,TestUser@59
Test Sixty ,User Sixty ,9000000060,TestUser60@getnada.com,TestUser@60
Test Sixty One ,User Sixty One ,9000000061,TestUser61@getnada.com,TestUser@61
Test Sixty Two ,User Sixty Two ,9000000062,TestUser62@getnada.com,TestUser@62
Test Sixty Three ,User Sixty Three ,9000000063,TestUser63@getnada.com,TestUser@63
Test Sixty Four ,User Sixty Four ,9000000064,TestUser64@getnada.com,TestUser@64
Test Sixty Five ,User Sixty Five ,9000000065,TestUser65@getnada.com,TestUser@65
Test Sixty Six ,User Sixty Six ,9000000066,TestUser66@getnada.com,TestUser@66
Test Sixty Seven ,User Sixty Seven ,9000000067,TestUser67@getnada.com,TestUser@67
Test Sixty Eight ,User Sixty Eight ,9000000068,TestUser68@getnada.com,TestUser@68
Test Sixty Nine ,User Sixty Nine ,9000000069,TestUser69@getnada.com,TestUser@69
Test Seventy ,User Seventy ,9000000070,TestUser70@getnada.com,TestUser@70
Test Seventy One ,User Seventy One ,9000000071,TestUser71@getnada.com,TestUser@71
Test Seventy Two ,User Seventy Two ,9000000072,TestUser72@getnada.com,TestUser@72
Test Seventy Three ,User Seventy Three ,9000000073,TestUser73@getnada.com,TestUser@73
Test Seventy Four ,User Seventy Four ,9000000074,TestUser74@getnada.com,TestUser@74
Test Seventy Five ,User Seventy Five ,9000000075,TestUser75@getnada.com,TestUser@75
Test Seventy Six ,User Seventy Six ,9000000076,TestUser76@getnada.com,TestUser@76
Test Seventy Seven ,User Seventy Seven ,9000000077,TestUser77@getnada.com,TestUser@77
Test Seventy Eight ,User Seventy Eight ,9000000078,TestUser78@getnada.com,TestUser@78
Test Seventy Nine ,User Seventy Nine ,9000000079,TestUser79@getnada.com,TestUser@79
Test Eighty ,User Eighty ,9000000080,TestUser80@getnada.com,TestUser@80
Test Eighty One ,User Eighty One ,9000000081,TestUser81@getnada.com,TestUser@81
Test Eighty Two ,User Eighty Two ,9000000082,TestUser82@getnada.com,TestUser@82
Test Eighty Three ,User Eighty Three ,9000000083,TestUser83@getnada.com,TestUser@83
Test Eighty Four ,User Eighty Four ,9000000084,TestUser84@getnada.com,TestUser@84
Test Eighty Five ,User Eighty Five ,9000000085,TestUser85@getnada.com,TestUser@85
Test Eighty Six ,User Eighty Six ,9000000086,TestUser86@getnada.com,TestUser@86
Test Eighty Seven ,User Eighty Seven ,9000000087,TestUser87@getnada.com,TestUser@87
Test Eighty Eight ,User Eighty Eight ,9000000088,TestUser88@getnada.com,TestUser@88
Test Eighty Nine ,User Eighty Nine ,9000000089,TestUser89@getnada.com,TestUser@89
Test Ninety ,User Ninety ,9000000090,TestUser90@getnada.com,TestUser@90
Test Ninety One ,User Ninety One ,9000000091,TestUser91@getnada.com,TestUser@91
Test Ninety Two ,User Ninety Two ,9000000092,TestUser92@getnada.com,TestUser@92
Test Ninety Three ,User Ninety Three ,9000000093,TestUser93@getnada.com,TestUser@93
Test Ninety Four ,User Ninety Four ,9000000094,TestUser94@getnada.com,TestUser@94
Test Ninety Five ,User Ninety Five ,9000000095,TestUser95@getnada.com,TestUser@95
Test Ninety Six ,User Ninety Six ,9000000096,TestUser96@getnada.com,TestUser@96
Test Ninety Seven ,User Ninety Seven ,9000000097,TestUser97@getnada.com,TestUser@97
Test Ninety Eight ,User Ninety Eight ,9000000098,TestUser98@getnada.com,TestUser@98
Test Ninety Nine ,User Ninety Nine ,9000000099,TestUser99@getnada.com,TestUser@99
TestOne Hundred ,UserOne Hundred ,9000000100,TestUser100@getnada.com,TestUser@100
